data_origin,subject,pair,verdict,rule_id,impact,status,failure_class,observed,condition,reason_codes,reason_detail
SYNTHETIC_PERTURBATION,DEMO-02-RECON_BLUR,BASELINE->FOLLOWUP,NOT_ASSESSABLE,VT-PROTOCOL-IDENTITY,blocking,FAIL,TECHNICAL,"{""post_filter"": ""DIFFERENT""}","identical acquisition/reconstruction/correction settings: manufacturer, scanner_model, image_units, decay_correction, correction_state, voxel_size, reconstruction_method, iterations, subsets, time_of_flight, psf_resolution_modelling, post_filter",,
SYNTHETIC_PERTURBATION,DEMO-03-RECON_METADATA,BASELINE->FOLLOWUP,NOT_ASSESSABLE,VT-PROTOCOL-IDENTITY,blocking,FAIL,TECHNICAL,"{""reconstruction_method"": ""DIFFERENT"", ""iterations"": ""DIFFERENT""}","identical acquisition/reconstruction/correction settings: manufacturer, scanner_model, image_units, decay_correction, correction_state, voxel_size, reconstruction_method, iterations, subsets, time_of_flight, psf_resolution_modelling, post_filter",,
SYNTHETIC_PERTURBATION,DEMO-04-UPTAKE_VIOLATION,BASELINE->FOLLOWUP,NOT_ASSESSABLE,QIBA-UPTAKE-WINDOW,blocking,FAIL,TECHNICAL,"{""BASELINE"": 60.38, ""FOLLOWUP"": 90.38}",55.0 <= uptake <= 75.0 min at every timepoint,,
SYNTHETIC_PERTURBATION,DEMO-04-UPTAKE_VIOLATION,BASELINE->FOLLOWUP,NOT_ASSESSABLE,QIBA-UPTAKE-DIFF,blocking,FAIL,TECHNICAL,"{""difference_min"": 30.0, ""baseline_min"": 60.38, ""followup_min"": 90.38}",|follow-up - baseline| <= 10.0 min and every scan >= 55.0 min,,
SYNTHETIC_PERTURBATION,DEMO-05-MISSING_DOSE,BASELINE->FOLLOWUP,INSUFFICIENT_INFORMATION,VT-SUV-BOTH,blocking,UNKNOWN,MISSING_DATA,"{""BASELINE"": ""PASS"", ""FOLLOWUP"": ""REFUSED""}",PASS at both timepoints,MISSING_REQUIRED_TAG,FOLLOWUP: MISSING_RADIONUCLIDETOTALDOSE
SYNTHETIC_PERTURBATION,DEMO-05-MISSING_DOSE,BASELINE->FOLLOWUP,INSUFFICIENT_INFORMATION,QIBA-UPTAKE-WINDOW,blocking,UNKNOWN,MISSING_DATA,"{""BASELINE"": 60.38}",55.0 <= uptake <= 75.0 min at every timepoint,SUV_REFUSED,strict SUV/timing refused: MISSING_RADIONUCLIDETOTALDOSE
SYNTHETIC_PERTURBATION,DEMO-05-MISSING_DOSE,BASELINE->FOLLOWUP,INSUFFICIENT_INFORMATION,QIBA-UPTAKE-DIFF,blocking,UNKNOWN,MISSING_DATA,null,|follow-up - baseline| <= 10.0 min and every scan >= 55.0 min,SUV_REFUSED,strict SUV/timing refused: MISSING_RADIONUCLIDETOTALDOSE
SYNTHETIC_PERTURBATION,DEMO-06-ANONYMIZATION_LOSS,BASELINE->FOLLOWUP,INSUFFICIENT_INFORMATION,VT-PROTOCOL-IDENTITY,blocking,UNKNOWN,MISSING_DATA,"{""reconstruction_method"": ""UNKNOWN"", ""iterations"": ""UNKNOWN"", ""subsets"": ""UNKNOWN"", ""time_of_flight"": ""UNKNOWN"", ""psf_resolution_modelling"": ""UNKNOWN"", ""post_filter"": ""UNKNOWN""}","identical acquisition/reconstruction/correction settings: manufacturer, scanner_model, image_units, decay_correction, correction_state, voxel_size, reconstruction_method, iterations, subsets, time_of_flight, psf_resolution_modelling, post_filter",AMBIGUOUS_RECONSTRUCTION,reconstruction_method unknown on at least one timepoint | iterations unknown on at least one timepoint | subsets unknown on at least one timepoint | time_of_flight unknown on at least one timepoint | psf_resolution_modelling unknown on at least one timepoint | post_filter unknown on at least one timepoint
SYNTHETIC_PERTURBATION,DEMO-07-CORRECTION_MISMATCH,BASELINE->FOLLOWUP,NOT_ASSESSABLE,VT-PROTOCOL-IDENTITY,blocking,FAIL,TECHNICAL,"{""correction_state"": ""DIFFERENT""}","identical acquisition/reconstruction/correction settings: manufacturer, scanner_model, image_units, decay_correction, correction_state, voxel_size, reconstruction_method, iterations, subsets, time_of_flight, psf_resolution_modelling, post_filter",,
