subject,timepoint,site,synthetic_perturbation,scanner,software,reconstruction,suv_status,uptake_min,liver_reference,blood_pool_reference,pair_verdict,reason_codes,failed_rules
DEMO-01-IDENTITY,BASELINE,SITE-A,,SIEMENS Biograph128_mCT,VG60A,PSF+TOF 2i21s,PASS,60.38,COMPUTED,COMPUTED,BASELINE,,
DEMO-01-IDENTITY,FOLLOWUP,SITE-A,SYNTHETIC_PERTURBATION identity,SIEMENS Biograph128_mCT,VG60A,PSF+TOF 2i21s,PASS,60.38,SYNTHETIC_INHERITED_REFERENCE,SYNTHETIC_INHERITED_REFERENCE,ASSESSABLE,,
DEMO-02-RECON_BLUR,BASELINE,SITE-D,,SIEMENS Biograph128_mCT,VG60A,PSF+TOF 2i21s,PASS,60.38,COMPUTED,COMPUTED,BASELINE,,
DEMO-02-RECON_BLUR,FOLLOWUP,SITE-D,SYNTHETIC_PERTURBATION recon_blur,SIEMENS Biograph128_mCT,VG60A,PSF+TOF 2i21s,PASS,60.38,SYNTHETIC_INHERITED_REFERENCE,SYNTHETIC_INHERITED_REFERENCE,NOT_ASSESSABLE,,VT-PROTOCOL-IDENTITY
DEMO-03-RECON_METADATA,BASELINE,SITE-A,,SIEMENS Biograph128_mCT,VG60A,PSF+TOF 2i21s,PASS,60.38,COMPUTED,COMPUTED,BASELINE,,
DEMO-03-RECON_METADATA,FOLLOWUP,SITE-A,SYNTHETIC_PERTURBATION recon_metadata,SIEMENS Biograph128_mCT,VG60A,PSF+TOF 4i21s,PASS,60.38,SYNTHETIC_INHERITED_REFERENCE,SYNTHETIC_INHERITED_REFERENCE,NOT_ASSESSABLE,,VT-PROTOCOL-IDENTITY
DEMO-04-UPTAKE_VIOLATION,BASELINE,SITE-D,,SIEMENS Biograph128_mCT,VG60A,PSF+TOF 2i21s,PASS,60.38,COMPUTED,COMPUTED,BASELINE,,
DEMO-04-UPTAKE_VIOLATION,FOLLOWUP,SITE-D,SYNTHETIC_PERTURBATION uptake_violation,SIEMENS Biograph128_mCT,VG60A,PSF+TOF 2i21s,PASS,90.38,SYNTHETIC_INHERITED_REFERENCE,SYNTHETIC_INHERITED_REFERENCE,NOT_ASSESSABLE,,QIBA-UPTAKE-WINDOW;QIBA-UPTAKE-DIFF
DEMO-05-MISSING_DOSE,BASELINE,SITE-A,,SIEMENS Biograph128_mCT,VG60A,PSF+TOF 2i21s,PASS,60.38,COMPUTED,COMPUTED,BASELINE,,
DEMO-05-MISSING_DOSE,FOLLOWUP,SITE-A,SYNTHETIC_PERTURBATION missing_dose,SIEMENS Biograph128_mCT,VG60A,PSF+TOF 2i21s,REFUSED,,,,INSUFFICIENT_INFORMATION,MISSING_REQUIRED_TAG;SUV_REFUSED,
DEMO-06-ANONYMIZATION_LOSS,BASELINE,SITE-D,,SIEMENS Biograph128_mCT,VG60A,PSF+TOF 2i21s,PASS,60.38,COMPUTED,COMPUTED,BASELINE,,
DEMO-06-ANONYMIZATION_LOSS,FOLLOWUP,SITE-D,SYNTHETIC_PERTURBATION anonymization_loss,SIEMENS Biograph128_mCT,VG60A,,PASS,60.38,SYNTHETIC_INHERITED_REFERENCE,SYNTHETIC_INHERITED_REFERENCE,INSUFFICIENT_INFORMATION,AMBIGUOUS_RECONSTRUCTION,
DEMO-07-CORRECTION_MISMATCH,BASELINE,SITE-A,,SIEMENS Biograph128_mCT,VG60A,PSF+TOF 2i21s,PASS,60.38,COMPUTED,COMPUTED,BASELINE,,
DEMO-07-CORRECTION_MISMATCH,FOLLOWUP,SITE-A,SYNTHETIC_PERTURBATION correction_mismatch,SIEMENS Biograph128_mCT,VG60A,PSF+TOF 2i21s,PASS,60.38,SYNTHETIC_INHERITED_REFERENCE,SYNTHETIC_INHERITED_REFERENCE,NOT_ASSESSABLE,,VT-PROTOCOL-IDENTITY
DEMO-08-REAL-PAIR,BASELINE,SITE-B,,SIEMENS Biograph128_mCT,VG70A,PSF+TOF 2i21s,PASS,60.02,PROPOSED_REQUIRES_REVIEW,PROPOSED_REQUIRES_REVIEW,NO_PAIR,,
DEMO-09-REAL-PAIR,BASELINE,SITE-C,,SIEMENS SOMATOM Definition AS_mCT,syngo MI.PET/CT 2012A,PSF+TOF 2i21s,PASS,60.13,PROPOSED_REQUIRES_REVIEW,PROPOSED_REQUIRES_REVIEW,NO_PAIR,,
